CGPA,Internships,Projects,Coding_Skills_Score,Communication_Skills_Score,Placement_Status
-0.44662058605350885,-0.0007370097338140287,0.6682147024504732,0.5611372110435142,0.5906080686539671,0
0.6739048355172285,0.7362727240802959,1.2986059311773346,0.00014299852475974,1.471935951230769,1
0.8128847327663123,-0.7377467435479239,0.03782347372361172,0.011142885044735472,-0.13944711765965162,1
-0.7419528677078118,-1.4747564773620339,1.2986059311773346,0.5226376082235995,0.4064500036379193,0
-0.5942867268806603,-0.7377467435479239,-1.8533502124569727,-0.9568471287131152,0.28806267612760283,0
2.159252487366812,-0.7377467435479239,0.03782347372361172,-0.9953467315330294,1.2812008124641474,1
0.23090641303577486,-0.0007370097338140287,0.03782347372361172,-0.18685507231482495,0.30121682362874835,1
0.6391598612049583,-0.7377467435479239,0.6682147024504732,-0.4398524622742633,0.9523471249354901,1
-0.3250131759605608,-0.0007370097338140287,0.03782347372361172,0.4676381756237217,1.2088530012078431,1
0.5088662075339419,-1.4747564773620339,-0.5925677550032498,0.3961389132438806,-0.7576920502135277,0
-0.4813655603657798,0.7362727240802959,0.03782347372361172,1.0506321611824276,-0.6656130177055037,1
0.178788951567368,-0.7377467435479239,0.6682147024504732,0.2971399345641006,2.136220400038656,0
0.899747168546991,-0.7377467435479239,0.6682147024504732,1.6886255793410108,-0.4551466576871629,1
-1.011226418627912,0.7362727240802959,0.03782347372361172,-1.2263443484525167,-0.8037315664675398,0
-1.9580269686372953,1.4732824578944057,-1.8533502124569727,-0.6818499657137258,-0.7379608289618085,0
-0.5595417525683893,-0.0007370097338140287,0.03782347372361172,0.7921348279630015,1.2746237387135746,1
1.9334101543370512,-1.4747564773620339,1.9289971599041962,0.6656361329832825,-0.8168857139686859,1
-0.47267931678771224,0.7362727240802959,1.2986059311773346,-0.08235615037505707,-0.49460910019060184,1
-1.497656058999705,-0.7377467435479239,1.9289971599041962,0.027642714824698676,-0.6919213127077962,0
0.5001799639558744,-0.7377467435479239,-0.5925677550032498,-1.0943457102128098,0.8339597974251737,1
-0.42924809889737375,-1.4747564773620339,0.03782347372361172,-0.29135399425459285,1.5837462049905118,1
-2.3141629553380727,0.7362727240802959,0.6682147024504732,-0.29135399425459285,-1.862640440309816,0
0.2569651437699775,0.7362727240802959,-1.2229589837301111,-1.0503461641329073,-0.18548663391366385,0
-0.15997454797727345,1.4732824578944057,0.03782347372361172,0.22014072892427125,0.7089953961642835,0
-1.9319682379030918,-1.4747564773620339,0.03782347372361172,-1.5948405468716986,-1.3364745402639644,0
-1.376048648906757,-0.0007370097338140287,0.03782347372361172,0.797634771222989,-0.5077632476917483,0
-0.203405765867612,-0.0007370097338140287,0.6682147024504732,-0.32435365381451964,-0.4814549526894554,1
0.7694535148759746,-0.7377467435479239,-0.5925677550032498,-0.14285552623492243,-1.2904350240099525,1
-0.9504227135814376,-0.0007370097338140287,0.03782347372361172,-1.952336858770905,-1.8363321453075234,0
-0.6116592140367961,0.7362727240802959,-1.2229589837301111,0.5336374947435752,-1.0536603689893191,0
0.14404397725509702,0.7362727240802959,-0.5925677550032498,-0.16485529927487388,-1.3101662452616718,0
-0.5942867268806603,-0.0007370097338140287,0.6682147024504732,0.8196345442629404,0.4722207411436507,0
-0.7593253548639476,-1.4747564773620339,1.9289971599041962,0.7261355088431478,0.5774539211528207,1
0.178788951567368,0.7362727240802959,-1.2229589837301111,1.1166314803022805,0.8799993136791859,1
-1.184951290189266,0.7362727240802959,2.5593883886310578,-0.7093496820136648,1.7679042700065606,1
0.3003963616603168,-0.0007370097338140287,0.03782347372361172,-0.57185110051397,-1.487747236527147,1
-0.6377179447709989,-0.0007370097338140287,-1.8533502124569727,1.595126543921218,1.1496593374526844,1
1.1603344758890222,0.7362727240802959,-0.5925677550032498,0.698635792543209,-1.5272096790305858,1
0.3003963616603168,-0.7377467435479239,-1.2229589837301111,0.6931358492832215,0.8273827236746,0
0.6217873740488231,0.7362727240802959,-1.8533502124569727,-0.08235615037505707,-0.8497710827215517,0
0.4133175281751973,-0.7377467435479239,0.6682147024504732,-0.1978549588348003,-0.43541543643544367,1
-0.5942867268806603,-0.7377467435479239,0.03782347372361172,1.6941255226009981,-1.0273520739870268,1
-1.5063423025777725,-0.0007370097338140287,0.03782347372361172,-1.0063466180530052,0.11705875861270049,1
-0.33369941953862836,1.4732824578944057,1.2986059311773346,0.3796390834639174,-0.7774232714652469,1
0.013750323584081429,-0.7377467435479239,-1.2229589837301111,0.742635338623111,0.7879202811711615,0
0.7347085405637028,-0.7377467435479239,0.03782347372361172,-1.0778458804328463,1.294354959965294,1
1.3861768089187831,-0.0007370097338140287,-0.5925677550032498,0.2091408424042955,-0.15917833891137181,1
2.159252487366812,-0.7377467435479239,0.6682147024504732,-1.7323391283713934,0.34725633988276056,1
0.178788951567368,-0.0007370097338140287,-1.2229589837301111,-1.2593440080124436,0.6103392899056864,1
-0.7419528677078118,0.7362727240802959,0.6682147024504732,-0.676350022453738,0.8865763874297586,1
1.1777069630451573,0.7362727240802959,-0.5925677550032498,1.1276313668222562,-0.2117949289159568,1
2.159252487366812,-0.0007370097338140287,-0.5925677550032498,-0.285854050994605,-0.7840003452158202,1
-1.167578803033131,-0.7377467435479239,0.03782347372361172,0.698635792543209,1.4061652137250376,0
1.525156706167867,-0.7377467435479239,-0.5925677550032498,1.820624217580718,-0.28414274017226104,1
0.06586778505248751,-0.0007370097338140287,-1.2229589837301111,1.6886255793410108,0.9523471249354901,1
-0.17734703513340933,-1.4747564773620339,-0.5925677550032498,0.5006378351836489,0.1565212011161399,1
-0.012308407150121997,-0.7377467435479239,-1.2229589837301111,-0.9458472421931395,-0.007905642648188722,1
0.42200377175326487,-0.7377467435479239,-1.8533502124569727,-0.10985586667499601,-1.0733915902410385,1
0.10929900294282605,0.7362727240802959,-0.5925677550032498,1.6886255793410108,0.4722207411436507,1
1.4904117318555967,-1.4747564773620339,-1.2229589837301111,0.7866348847030132,-0.09998467515621313,1
1.2211381809354966,-0.7377467435479239,-1.2229589837301111,-0.6048507600738969,0.32752511863104133,0
-0.7245803805516766,-0.0007370097338140287,0.6682147024504732,0.4126387430238438,-0.6393047227032113,1
-0.020994650728189547,-0.0007370097338140287,-1.8533502124569727,0.10464192046452801,0.48537488864479716,0
0.19616143872350386,-0.7377467435479239,-1.2229589837301111,0.08814209068456481,0.8273827236746,1
0.9084334121250586,-0.0007370097338140287,-0.5925677550032498,0.16514129632439337,0.2486002336241634,1
1.4990979754336644,-1.4747564773620339,-0.5925677550032498,-0.08235615037505707,-1.4614389415248545,0
-1.4715973282655015,-1.4747564773620339,0.6682147024504732,-0.2748541644746296,0.8865763874297586,1
-2.1838693016670563,2.2102921917085157,0.6682147024504732,-0.549851327474019,-1.2509725815065136,1
1.2037656937793615,-0.0007370097338140287,-1.2229589837301111,-1.088845766952822,0.1565212011161399,1
-0.9330502264253018,-0.7377467435479239,-1.8533502124569727,-0.7093496820136648,-0.3827988464308582,0
-0.8027565727542861,-0.7377467435479239,-1.8533502124569727,0.9516331825026468,-0.034213937650481675,0
1.5859604112143415,-0.0007370097338140287,1.2986059311773346,-1.2758438377924068,-1.7047906702960605,1
-1.3499899181725534,0.7362727240802959,-0.5925677550032498,-0.8743479798132984,1.7679042700065606,1
0.2569651437699775,-0.7377467435479239,-0.5925677550032498,-0.3023538807745686,-0.6064193539503455,0
-0.4379343424754413,0.7362727240802959,-0.5925677550032498,1.9361230260404612,0.37356463488505354,1
-0.6377179447709989,0.7362727240802959,0.03782347372361172,-0.5388514409540432,-1.218087212753648,1
-0.18603327871147687,0.7362727240802959,0.03782347372361172,-0.32435365381451964,-0.7840003452158202,1
0.526238694690077,2.2102921917085157,-0.5925677550032498,-0.285854050994605,0.11705875861270049,1
0.04849529789635241,2.2102921917085157,-1.8533502124569727,-0.054856434075118136,0.10390461111155401,1
1.0126683350618706,-0.7377467435479239,0.03782347372361172,0.09364203394455228,-0.632727648952638,0
1.1950794502012938,-0.7377467435479239,0.6682147024504732,0.3851390267239049,-0.8300398614698323,1
-0.6985216498174732,-0.7377467435479239,-0.5925677550032498,-1.3583429866922236,1.373279844972172,0
0.17010270798930044,-0.0007370097338140287,0.03782347372361172,1.1936306859421097,-0.9089647464767099,1
-1.4021073796409596,-1.4747564773620339,0.6682147024504732,0.2256406721842595,-0.7511149764629544,0
1.4904117318555967,-0.0007370097338140287,-0.5925677550032498,1.4136284163416213,-0.5735339851974798,1
-0.4205618553193054,-0.0007370097338140287,1.2986059311773346,-2.001836348110795,-1.4351306465225615,0
0.22222016945770653,-0.0007370097338140287,-1.2229589837301111,0.5226376082235995,0.5840309949033944,1
-0.6637766755052023,-0.0007370097338140287,-1.8533502124569727,-1.2263443484525167,0.0184026523541033,1
-0.6464041883490671,0.7362727240802959,0.03782347372361172,1.6336261467411328,-0.7116525339595154,0
1.6467641162608158,2.2102921917085157,-1.2229589837301111,1.9361230260404612,-0.13944711765965162,1
-1.7756158534978728,-0.0007370097338140287,1.2986059311773346,-1.633340149691613,-0.14602419141022535,0
-0.8461877906446247,-0.0007370097338140287,0.6682147024504732,1.3366292107017919,-1.26412672900766,0
0.3264550923945195,1.4732824578944057,-1.2229589837301111,-0.07135626385508134,-0.7708461977146741,0
-0.25552322733601884,-0.0007370097338140287,-0.5925677550032498,-0.549851327474019,-0.4551466576871629,0
0.2395926566138424,1.4732824578944057,-1.2229589837301111,0.17064123958438163,0.5051061098965164,1
1.4904117318555967,2.2102921917085157,-1.8533502124569727,0.41813868628383205,0.8208056499240273,1
-0.8201290599104213,0.7362727240802959,0.6682147024504732,1.9361230260404612,-0.7511149764629544,1
-0.5074242910999832,-0.0007370097338140287,0.03782347372361172,-0.5388514409540432,0.30779389737932206,0
0.3351413359725878,-1.4747564773620339,-0.5925677550032498,1.2156304589820612,-1.9876048415707062,1
0.5609836690023488,-0.7377467435479239,0.03782347372361172,1.1166314803022805,0.6300705111574056,0
-0.1512883043992059,-0.7377467435479239,0.6682147024504732,-0.5333514976940554,1.5048213199836347,1
0.6565323483610933,1.4732824578944057,-0.5925677550032498,-1.088845766952822,-0.6919213127077962,1
-0.3076406888044249,1.4732824578944057,0.03782347372361172,-0.725849511793628,-1.13916232774677,1
-0.38581688100703443,-0.0007370097338140287,0.03782347372361172,0.6821359627632457,-1.0207750002364535,1
-0.6290317011929313,-0.7377467435479239,0.03782347372361172,0.7096356790631847,0.07101924235868827,1
2.0376450772738632,-1.4747564773620339,0.6682147024504732,-0.12085575319497135,-0.4748778789388826,1
0.526238694690077,2.2102921917085157,-1.8533502124569727,1.5401271113213402,0.32752511863104133,1
0.35251382312872287,-0.0007370097338140287,0.03782347372361172,-1.116345483252761,0.12363583236327419,1
-0.6637766755052023,0.7362727240802959,1.2986059311773346,1.8041243878007538,0.32752511863104133,1
0.6044148868926881,0.7362727240802959,1.2986059311773346,0.28064010478413737,0.8471139449263202,1
0.5001799639558744,0.7362727240802959,0.03782347372361172,0.9351333527226836,-1.6127116377880366,1
-2.0883206223083106,-0.7377467435479239,1.9289971599041962,0.23114061544424697,-0.48803202644002863,0
0.07455402863055506,-0.7377467435479239,0.6682147024504732,1.0451322179224394,-0.3236051826757,1
0.9866096043276681,-0.7377467435479239,0.03782347372361172,0.9516331825026468,-1.395668204019123,1
-2.1404380837767176,-0.7377467435479239,-0.5925677550032498,-0.9568471287131152,0.6169163636562601,0
-0.35975815027283176,0.7362727240802959,-0.5925677550032498,0.20364089914430802,-0.8234627877192592,1
1.3166868602942412,-0.7377467435479239,-0.5925677550032498,-0.42885257575428753,0.8471139449263202,1
-0.2642094709140864,-1.4747564773620339,0.03782347372361172,-1.2043445754125657,0.16967534861728545,0
1.1255895015767519,-0.7377467435479239,-0.5925677550032498,1.9361230260404612,-1.1128540327444774,0
-0.7680115984420152,-1.4747564773620339,1.2986059311773346,0.00014299852475974,-1.0010437789847342,1
-0.9764814443156411,-0.7377467435479239,1.2986059311773346,-0.7698490578735305,-0.13944711765965162,0
0.5088662075339419,0.7362727240802959,0.6682147024504732,0.13764158002445442,1.1891217799561231,1
0.7694535148759746,1.4732824578944057,1.9289971599041962,-1.4628419086319915,-0.40253006768257793,1
-0.8114428163323537,-0.0007370097338140287,-0.5925677550032498,-0.8523482067733473,2.136220400038656,0
-1.5497735204681111,1.4732824578944057,-1.2229589837301111,0.742635338623111,-0.5077632476917483,1
-0.0731121121965964,1.4732824578944057,0.03782347372361172,-0.775349001133518,-0.24468029766882252,1
-0.8201290599104213,-0.7377467435479239,-0.5925677550032498,-0.7148496252736526,-1.0668145164904657,0
0.6999635662514326,-0.0007370097338140287,0.03782347372361172,1.9361230260404612,-0.46172373143773615,1
1.0039820914838031,-0.0007370097338140287,0.03782347372361172,1.039632274662452,-0.6064193539503455,1
-1.688753417717195,-0.7377467435479239,-0.5925677550032498,1.595126543921218,-1.9547194728178403,0
0.48280747679973923,-0.7377467435479239,0.03782347372361172,1.6941255226009981,0.27490852862645637,0
-0.8201290599104213,-0.7377467435479239,0.03782347372361172,0.016642828304722947,1.2877778862147202,1
1.1169032579986844,0.7362727240802959,-0.5925677550032498,-0.8523482067733473,-0.7313837552112352,1
0.17010270798930044,0.7362727240802959,0.03782347372361172,0.6546362464633068,0.5840309949033944,1
-0.03836713788432542,-0.0007370097338140287,-0.5925677550032498,-1.6718397525115276,1.0773115261963804,1
0.6304736176268907,-1.4747564773620339,0.6682147024504732,1.1056315937823056,-0.672190091456077,0
-1.7408708791856018,-1.4747564773620339,0.03782347372361172,-0.4838520083541654,-2.0994150953304493,0
0.8389434635005166,0.7362727240802959,-1.8533502124569727,-1.2538440647524556,1.011540788690649,1
-1.0285989057840472,-1.4747564773620339,0.6682147024504732,0.6491363032033185,-0.632727648952638,0
0.6044148868926881,2.2102921917085157,0.6682147024504732,-0.010856887995215992,0.7024183224137108,1
-1.080716367252454,-0.0007370097338140287,0.6682147024504732,0.6381364166833435,0.8339597974251737,1
-0.3945031245851027,0.7362727240802959,0.6682147024504732,1.9361230260404612,-0.6393047227032113,0
0.6652185919391609,-0.7377467435479239,-0.5925677550032498,-0.4013528594543486,-0.5011861739411752,0
-0.21209200944568032,-0.0007370097338140287,0.03782347372361172,1.9361230260404612,1.110196894949246,1
-1.3152449438602825,-1.4747564773620339,1.2986059311773346,-0.47835206509417755,0.8471139449263202,0
-0.5595417525683893,-0.7377467435479239,-1.2229589837301111,-1.2263443484525167,-0.6458817964537841,0
-0.24683698375795052,-0.0007370097338140287,0.6682147024504732,0.16514129632439337,0.2486002336241634,1
0.7955122456101773,-0.7377467435479239,1.2986059311773346,-1.479341738411955,1.807366712509999,1
0.5088662075339419,-0.7377467435479239,0.6682147024504732,-1.24284417823248,0.05786509485754273,1
-1.1328338287208601,1.4732824578944057,-1.2229589837301111,0.15414140980441762,-1.4680160152754271,1
-0.0731121121965964,0.7362727240802959,0.03782347372361172,0.038642601344674406,-0.8234627877192592,1
0.46543498964360414,-0.7377467435479239,-0.5925677550032498,-0.676350022453738,-1.5206326052800128,0
-0.7506391112858793,-0.0007370097338140287,1.2986059311773346,-0.62135058985386,-0.5998422801997723,1
1.4990979754336644,-0.0007370097338140287,-0.5925677550032498,-0.054856434075118136,-0.08025345390449388,1
2.159252487366812,0.7362727240802959,-1.2229589837301111,-0.7423493415735916,1.7152876800019747,1
0.7607672712979071,-1.4747564773620339,1.2986059311773346,-3.211823865308108,-1.5666721215340245,0
-1.0285989057840472,0.7362727240802959,-1.2229589837301111,1.2596300050619633,-1.5798262690351708,1
-0.49005180394384734,-1.4747564773620339,1.9289971599041962,0.6216365869033795,0.9983866411895024,0
1.690195334151155,2.2102921917085157,1.9289971599041962,-0.4728521218341897,-0.955004262730722,1
0.4914937203778068,-0.0007370097338140287,0.03782347372361172,-0.07135626385508134,0.3209480448804686,1
-0.27289571449215394,-0.7377467435479239,-0.5925677550032498,-0.2308546183947271,0.8273827236746,0
-1.1241475851427924,-0.7377467435479239,0.03782347372361172,-0.03835660429515493,1.268046664963001,1
-0.5074242910999832,0.7362727240802959,1.2986059311773346,1.1001316505223173,-0.4551466576871629,1
0.7173360534075678,-0.7377467435479239,-0.5925677550032498,0.3246396508640395,-1.4285535727719887,1
1.0995307708425477,-1.4747564773620339,0.03782347372361172,-0.599350816813909,-1.408822351520269,0
1.4122355396529873,1.4732824578944057,0.03782347372361172,-1.8368380503111612,-1.7047906702960605,1
-0.8722465213788281,-0.0007370097338140287,1.9289971599041962,-0.10985586667499601,-1.1325852539961971,1
0.3090826052383844,2.2102921917085157,0.6682147024504732,-1.3088434973523335,0.07759631610926199,1
-0.7593253548639476,1.4732824578944057,0.6682147024504732,-0.8413483202533716,-0.08683052765506666,1
-0.5508555089903218,0.7362727240802959,0.6682147024504732,-0.010856887995215992,1.4587818037296225,1
0.42200377175326487,1.4732824578944057,0.03782347372361172,0.8801339201228058,0.27490852862645637,1
0.36988631028485874,-0.7377467435479239,0.6682147024504732,-0.47835206509417755,1.3272403287181596,1
-0.24683698375795052,0.7362727240802959,-1.2229589837301111,-0.9843468450130541,-0.9286959677284296,1
-0.055739625040460525,-1.4747564773620339,0.6682147024504732,-1.3803427597321747,2.044141367530632,1
-0.33369941953862836,-1.4747564773620339,-0.5925677550032498,-0.7643491146135426,0.6761100274114179,0
0.17010270798930044,-1.4747564773620339,-0.5925677550032498,0.09364203394455228,-1.086545737742185,0
0.3090826052383844,-1.4747564773620339,-0.5925677550032498,-0.21985473187475177,0.32752511863104133,1
-1.2804999695480115,0.7362727240802959,-0.5925677550032498,-0.4673521785742022,0.5248373311482357,1
-0.0296808943062571,-0.7377467435479239,-1.2229589837301111,-1.6003404901316862,0.8076515024228808,1
1.9507826414931864,0.7362727240802959,-0.5925677550032498,-1.6883395822914908,-1.7639843340512187,0
-0.25552322733601884,-0.7377467435479239,-0.5925677550032498,0.06064237438462587,0.7287266174160029,0
-0.8461877906446247,-0.7377467435479239,1.2986059311773346,-0.005356944735227735,-1.0668145164904657,0
-1.7408708791856018,-0.7377467435479239,0.6682147024504732,-0.7918488309134816,-0.593265206449199,1
-0.44662058605350885,-1.4747564773620339,-1.2229589837301111,-1.4243423058120772,-0.0210597901493352,0
-0.7940703291762186,0.7362727240802959,0.6682147024504732,0.027642714824698676,-0.2052178551653831,0
-1.271813725969944,-0.7377467435479239,-1.8533502124569727,0.005642941784747997,-2.7439683228866176,0
-0.11654333008693493,-1.4747564773620339,-0.5925677550032498,-1.7378390716313807,-0.4288383626848704,1
-0.0731121121965964,-0.0007370097338140287,0.03782347372361172,-0.703849738753677,1.5442837624870733,0
0.9692371171715329,-0.7377467435479239,-0.5925677550032498,0.4841380054036849,2.136220400038656,1
0.4046312845971297,-0.7377467435479239,0.6682147024504732,1.7326251254209128,-0.672190091456077,0
0.013750323584081429,-0.0007370097338140287,0.03782347372361172,1.9361230260404612,0.08417338985983476,1
1.3514318346065128,-1.4747564773620339,0.03782347372361172,1.9361230260404612,0.47879781489422346,1
-1.7843020970759402,0.7362727240802959,0.03782347372361172,0.7371353953631236,0.17625242236785915,0
0.22222016945770653,-0.7377467435479239,0.6682147024504732,-0.20335490209478815,1.0773115261963804,1
1.1863932066232263,-1.4747564773620339,1.9289971599041962,-0.6048507600738969,2.136220400038656,0
-0.4987380475219149,0.7362727240802959,0.6682147024504732,1.2926296646218898,-2.2178024228407662,1
1.6207053855266131,-1.4747564773620339,0.03782347372361172,0.5996368138634289,-1.4745930890260004,1
0.34382757955065535,-1.4747564773620339,0.03782347372361172,-1.6003404901316862,-0.5603798376963334,1
-1.1936375337673344,2.2102921917085157,3.820170846084781,0.08814209068456481,1.1759676324549775,1
1.5512154369020712,-0.0007370097338140287,-0.5925677550032498,-0.52235161117408,1.1562364112032573,1
0.3264550923945195,0.7362727240802959,0.03782347372361172,-1.6113403766516619,-2.046798505325864,1
-0.4118756117412379,-1.4747564773620339,-0.5925677550032498,0.14864146654443017,-0.5340715426940408,0
0.35251382312872287,-0.0007370097338140287,1.2986059311773346,0.038642601344674406,-0.955004262730722,1
1.7336265520414929,-0.7377467435479239,0.6682147024504732,0.8636340903428426,0.17625242236785915,1
0.005064080006013106,-0.7377467435479239,-0.5925677550032498,0.14864146654443017,-1.270703802758233,0
0.43937625890939996,-0.0007370097338140287,0.03782347372361172,1.0176325016225005,-1.4680160152754271,1
0.2395926566138424,-0.7377467435479239,0.6682147024504732,1.7601248417208517,-1.6258657852891831,1
-0.4031893681631703,-0.0007370097338140287,0.03782347372361172,-0.22535467513473922,0.34725633988276056,1
-0.25552322733601884,2.2102921917085157,0.03782347372361172,-0.3793530864143975,0.9194617561826244,1
-0.2642094709140864,-0.7377467435479239,-0.5925677550032498,-0.8853478663332738,0.748457838667723,0
2.159252487366812,0.7362727240802959,-1.8533502124569727,-0.17585518579484924,1.1891217799561231,1
-0.27289571449215394,-1.4747564773620339,0.6682147024504732,0.4071387997638563,0.7681890599194423,0
-0.8635602778007606,-0.7377467435479239,-1.2229589837301111,-2.040335950930709,0.7418807649171493,0
0.5088662075339419,-0.0007370097338140287,-1.2229589837301111,1.710625352380962,-0.6129964277009183,1
0.19616143872350386,-0.0007370097338140287,1.2986059311773346,-0.9293474124131763,-0.5538027639457601,1
0.06586778505248751,-0.0007370097338140287,0.03782347372361172,-2.744328688209146,0.9918095674389287,0
0.8823746813908543,-0.7377467435479239,0.6682147024504732,-0.4673521785742022,-0.034213937650481675,1
-0.5682279961464569,-0.7377467435479239,-1.2229589837301111,-1.011846561312993,-0.6261505752020647,0
-0.06442586861852807,0.7362727240802959,0.03782347372361172,-2.2933333408901473,1.0970427474480995,0
-0.3945031245851027,-0.0007370097338140287,0.03782347372361172,-0.2143547886147639,0.21571486487129765,0
0.5175524511120094,-0.7377467435479239,0.03782347372361172,-1.6883395822914908,-1.4943243102777202,0
-0.7680115984420152,1.4732824578944057,0.03782347372361172,0.445638402583771,1.0510032311940873,1
1.1255895015767519,0.7362727240802959,-1.8533502124569727,0.5336374947435752,0.8076515024228808,1
-0.6377179447709989,0.7362727240802959,-1.8533502124569727,0.3796390834639174,-1.4811701627765737,0
-2.05357564799604,-0.0007370097338140287,-0.5925677550032498,-0.47835206509417755,-1.316743319012245,0
0.7694535148759746,-0.0007370097338140287,-1.2229589837301111,0.9021336931627572,0.9852324936883559,1
-0.2989544452263574,-0.7377467435479239,0.03782347372361172,1.3916286433016698,-0.9352730414790028,1
0.9952958479057356,0.7362727240802959,0.6682147024504732,1.5401271113213402,1.4785130249813419,1
-0.906991495691099,-0.0007370097338140287,-1.8533502124569727,-0.52235161117408,0.47879781489422346,1
-0.8027565727542861,-1.4747564773620339,0.03782347372361172,-0.005356944735227735,0.45906659364250424,1
0.2917101180822485,0.7362727240802959,0.6682147024504732,1.9361230260404612,0.748457838667723,1
0.11798524652089436,-0.0007370097338140287,-0.5925677550032498,0.4071387997638563,0.6695329536608451,0
-0.4987380475219149,-0.7377467435479239,1.2986059311773346,-0.285854050994605,-1.948142399067267,0
-0.906991495691099,2.2102921917085157,0.6682147024504732,0.5941368706034407,0.21571486487129765,1
0.7086498098295002,-0.0007370097338140287,0.6682147024504732,0.022142771564711203,-0.9813125577330145,1
1.3514318346065128,-0.7377467435479239,0.6682147024504732,-0.32435365381451964,0.6892641749125643,1
-0.5508555089903218,-0.7377467435479239,0.03782347372361172,-0.26935422121464175,-0.08025345390449388,1
-0.09048459935273151,-0.7377467435479239,0.03782347372361172,0.25314038848419845,0.2025607173701512,0
0.04849529789635241,-0.0007370097338140287,-1.2229589837301111,-1.088845766952822,-0.07367638015392018,0
1.4035492960749198,-1.4747564773620339,-1.2229589837301111,0.616136643643392,0.03813387360582255,0
0.9605508735934638,-0.7377467435479239,-0.5925677550032498,-2.260333681330221,0.8931534611803315,0
1.7249403084634254,-0.0007370097338140287,-1.2229589837301111,-1.7433390148913688,0.9128846824320517,0
0.10061275936475848,0.7362727240802959,-0.5925677550032498,0.2091408424042955,0.6761100274114179,1
-0.8983052521130308,2.2102921917085157,0.6682147024504732,-1.5453410575318083,0.72214954366543,1
-0.7245803805516766,-0.0007370097338140287,1.9289971599041962,-1.220844405192529,0.5577226999011015,1
1.8639202057125093,0.7362727240802959,0.6682147024504732,0.9461332392426594,0.6234934374068328,1
-1.5584597640461793,-0.0007370097338140287,1.2986059311773346,1.2486301185419877,-0.7445379027123812,0
-0.5161105346780508,-0.7377467435479239,0.6682147024504732,0.6876359060232332,-1.086545737742185,1
-1.4802835718435698,-1.4747564773620339,-0.5925677550032498,-1.1053455967327852,2.136220400038656,1
-0.22946449660181542,-0.0007370097338140287,-0.5925677550032498,0.7206355655831603,-0.5998422801997723,0
-0.3163269323824925,-0.0007370097338140287,-0.5925677550032498,1.0781318774823665,0.8076515024228808,1
1.073472040108345,-0.7377467435479239,0.03782347372361172,0.9846328420625741,-0.09340760140564036,1
-0.44662058605350885,-0.7377467435479239,-0.5925677550032498,1.0286323881424762,-0.19206370766423755,0
-0.19471952228954445,-0.0007370097338140287,-1.2229589837301111,1.210130515722073,0.6366475849079793,1
-1.3152449438602825,-0.7377467435479239,0.6682147024504732,1.1606310263821833,0.2946397498781756,0
-0.09048459935273151,-0.0007370097338140287,1.9289971599041962,0.005642941784747997,-0.0013285688976159503,0
-2.0448894044179724,-0.7377467435479239,-0.5925677550032498,1.9361230260404612,1.7481730487548404,1
0.7607672712979071,0.7362727240802959,0.03782347372361172,0.5006378351836489,0.9128846824320517,1
1.2037656937793615,-0.0007370097338140287,1.2986059311773346,-0.18135512905483708,-2.0994150953304493,1
-0.5856004833025927,2.2102921917085157,-1.8533502124569727,0.7041357358031964,0.3998729298873456,1
-0.8722465213788281,1.4732824578944057,-0.5925677550032498,-0.23635456165471497,-0.7840003452158202,1
-0.4813655603657798,-0.7377467435479239,0.03782347372361172,-2.1668346459104284,-0.48803202644002863,0
-1.5410872768900434,-0.7377467435479239,0.6682147024504732,-1.220844405192529,-0.6064193539503455,0
-0.5247967782561184,-1.4747564773620339,-1.2229589837301111,0.8636340903428426,-1.1194311064950506,0
-0.203405765867612,2.2102921917085157,0.03782347372361172,0.7646351116630625,-0.7445379027123812,0
-0.14260206082113835,-0.0007370097338140287,-0.5925677550032498,-1.0063466180530052,-0.764269123964101,0
-0.168660791555341,0.7362727240802959,0.6682147024504732,-0.3903529729343729,-0.33018225642627325,0
-1.115461341564724,0.7362727240802959,-0.5925677550032498,0.2421405019642227,1.6626710899973898,1
0.48280747679973923,0.7362727240802959,0.6682147024504732,0.18714106936434483,0.13021290611384695,1
0.05718154147441996,-0.0007370097338140287,-1.2229589837301111,0.5061377784436364,0.4261812248896385,0
-0.7332666241297442,0.7362727240802959,1.9289971599041962,-0.802848717433457,-1.6982135965454872,1
-0.15997454797727345,1.4732824578944057,0.03782347372361172,0.09914197720453975,0.8076515024228808,1
0.9431783864373288,-0.7377467435479239,1.2986059311773346,0.742635338623111,-1.4285535727719887,1
0.35251382312872287,1.4732824578944057,1.9289971599041962,1.6666258063010593,0.28148560237702913,1
0.22222016945770653,-0.0007370097338140287,-0.5925677550032498,-0.2638542779546539,1.1167739686998188,1
-1.2283825080796054,-0.7377467435479239,0.6682147024504732,1.6391260900011202,0.2551773073747371,0
0.8389434635005166,-0.0007370097338140287,1.2986059311773346,-0.20335490209478815,1.0904656736975258,1
0.3177688488164519,-0.0007370097338140287,-1.2229589837301111,-1.3858427029921625,-3.1385927479210065,0
-1.6453221998268563,-0.0007370097338140287,-1.2229589837301111,0.9351333527226836,-0.7050754602089427,0
-1.5063423025777725,-0.0007370097338140287,1.9289971599041962,0.2971399345641006,1.6429398687456704,1
-1.306558700282215,1.4732824578944057,-1.2229589837301111,-1.088845766952822,-0.6393047227032113,0
-0.047053381462392976,0.7362727240802959,1.9289971599041962,0.7316354521031353,1.1693905587044038,1
1.6380778726827483,-0.0007370097338140287,0.03782347372361172,-1.3033435540923457,-0.37622177268028545,1
0.28302387450418093,1.4732824578944057,0.6682147024504732,0.6216365869033795,-0.7445379027123812,1
-0.5421692654122542,0.7362727240802959,0.03782347372361172,1.721625238900937,-1.4351306465225615,0
-1.115461341564724,-0.0007370097338140287,0.6682147024504732,0.5556372677835267,0.09075046361040846,1
-3.3912571590184717,-0.0007370097338140287,-0.5925677550032498,0.6656361329832825,0.6629558799102714,0
-1.2544412388138082,-0.7377467435479239,0.6682147024504732,0.3521393671639785,0.7353036911665766,0
-0.03836713788432542,-0.0007370097338140287,1.2986059311773346,-1.4958415681919182,0.22229193862187138,1
-0.8722465213788281,-0.0007370097338140287,-1.2229589837301111,-0.159355356014886,0.8405368711757465,1
-1.8451058021224147,-0.7377467435479239,0.03782347372361172,0.5996368138634289,0.36698756113447983,0
-1.7495571227636693,-0.0007370097338140287,0.03782347372361172,0.41813868628383205,0.3406792661321878,0
-0.5247967782561184,1.4732824578944057,-0.5925677550032498,0.11564180698450374,-0.6787671652066497,0
-0.5161105346780508,-0.0007370097338140287,0.6682147024504732,-0.676350022453738,0.08417338985983476,1
0.3785725538629263,2.2102921917085157,-0.5925677550032498,0.445638402583771,-0.027636863899908905,1
-2.1404380837767176,-0.0007370097338140287,0.03782347372361172,-0.2803541077346171,0.5248373311482357,0
-0.2902682016482898,-0.0007370097338140287,0.03782347372361172,0.48963794866367316,-1.0931228114927583,1
1.6033328983704764,1.4732824578944057,0.03782347372361172,-1.110845539992773,-0.3827988464308582,1
0.3090826052383844,0.7362727240802959,0.03782347372361172,-1.2758438377924068,0.09075046361040846,1
-0.5682279961464569,-1.4747564773620339,0.6682147024504732,-0.775349001133518,1.2285842224595624,0
0.2569651437699775,1.4732824578944057,0.6682147024504732,0.45663828910374593,-1.4022452777696957,1
0.178788951567368,1.4732824578944057,0.03782347372361172,0.04414254460466188,2.136220400038656,1
0.8128847327663123,-0.7377467435479239,0.6682147024504732,-0.5663511572539822,-0.9418501152295756,0
-2.8266513264440687,-0.7377467435479239,0.6682147024504732,-0.159355356014886,0.26175438112530985,0
1.5512154369020712,-0.0007370097338140287,-1.2229589837301111,-0.676350022453738,-2.7242371016348983,0
1.455666757543325,2.2102921917085157,-0.5925677550032498,0.8636340903428426,0.7089953961642835,1
-2.010144430105701,-0.7377467435479239,-1.2229589837301111,1.9361230260404612,-0.33675933017684645,0
-0.0731121121965964,-0.0007370097338140287,1.2986059311773346,1.2486301185419877,-1.2970120977605257,1
1.7423127956195605,-0.0007370097338140287,-0.5925677550032498,0.7756349981830383,-0.7576920502135277,1
-0.14260206082113835,0.7362727240802959,-1.2229589837301111,-0.8083486606934448,-0.685344238957223,1
0.8563159506566517,-0.7377467435479239,0.6682147024504732,1.0066326151025247,0.45906659364250424,1
-0.13391581724307003,-0.0007370097338140287,0.03782347372361172,-0.6818499657137258,-2.0007589890718522,0
-0.047053381462392976,0.7362727240802959,-0.5925677550032498,-0.12085575319497135,-0.9221188939778563,1
-0.7332666241297442,-0.0007370097338140287,-0.5925677550032498,-0.47835206509417755,1.261469591212428,1
-1.0633438800963182,-0.7377467435479239,0.03782347372361172,0.2696402182641616,-0.4814549526894554,1
1.0821582836864125,-0.0007370097338140287,0.6682147024504732,0.6491363032033185,-0.23152615016767605,1
-0.6290317011929313,-0.7377467435479239,0.03782347372361172,0.12114175024449123,0.8208056499240273,1
1.9420963979151187,-0.0007370097338140287,1.2986059311773346,1.210130515722073,1.314086181217013,1
-0.24683698375795052,1.4732824578944057,-0.5925677550032498,-0.3023538807745686,-0.4419925101860169,1
0.03112281074021653,0.7362727240802959,-0.5925677550032498,1.0341323314024637,0.6037622161551136,0
-1.0199126622059795,-0.0007370097338140287,0.03782347372361172,-0.4508523487942386,-0.11313882265735961,0
-0.9417364700033701,0.7362727240802959,1.2986059311773346,-0.3133537672945439,-1.4548618677742813,0
2.1331937566326094,-0.7377467435479239,-1.2229589837301111,-0.39585291619436075,0.32752511863104133,1
0.04849529789635241,0.7362727240802959,0.6682147024504732,-1.6223402631716375,0.18940656986900564,1
-1.6366359562487889,2.2102921917085157,0.03782347372361172,-0.6818499657137258,0.06444216860811551,1
0.8476297070785841,-0.7377467435479239,1.2986059311773346,0.2421405019642227,0.6300705111574056,1
-0.4987380475219149,-0.7377467435479239,2.5593883886310578,1.3036295511418656,0.8471139449263202,1
-0.8548740342226923,-0.0007370097338140287,0.6682147024504732,0.3796390834639174,-1.0931228114927583,0
1.4904117318555967,-1.4747564773620339,0.03782347372361172,-0.10985586667499601,1.393011066223891,0
2.159252487366812,-0.0007370097338140287,-1.2229589837301111,-0.10435592341500814,-0.007905642648188722,0
-0.9417364700033701,-1.4747564773620339,1.2986059311773346,-0.3903529729343729,0.13021290611384695,0
0.917119655703126,-0.0007370097338140287,-1.2229589837301111,1.0726319342223782,-0.8103086402181127,1
0.7260222969856354,-0.0007370097338140287,0.03782347372361172,-0.7588491713535548,0.13021290611384695,1
0.7433947841417704,-1.4747564773620339,2.5593883886310578,0.8306344307829161,1.1759676324549775,1
-0.3250131759605608,0.7362727240802959,0.03782347372361172,1.5621268843612917,0.18282949611843194,0
-0.6898354062394056,-0.0007370097338140287,-1.2229589837301111,-0.4013528594543486,0.07101924235868827,1
1.916037667180916,-0.7377467435479239,-1.2229589837301111,0.07714220416458908,-1.1720476964996356,0
-0.35107190669476346,-0.7377467435479239,1.2986059311773346,1.0011326718425373,0.14336705361499344,1
0.6478461047830258,0.7362727240802959,-0.5925677550032498,1.4686278489414992,-0.4551466576871629,1
1.4296080268091225,-0.0007370097338140287,-1.2229589837301111,0.5996368138634289,2.136220400038656,1
2.159252487366812,-0.7377467435479239,-0.5925677550032498,-1.3638429299522115,0.31437097112989487,0
0.3264550923945195,-1.4747564773620339,0.03782347372361172,0.13214163676446694,-0.9681584102318685,1
-2.409711634696817,-1.4747564773620339,-1.2229589837301111,1.6391260900011202,0.3406792661321878,0
-0.46399307320964395,-1.4747564773620339,0.03782347372361172,-0.24185450491470284,0.3341021923816141,0
1.0821582836864125,1.4732824578944057,1.2986059311773346,-0.054856434075118136,-0.33018225642627325,1
-0.5682279961464569,-0.0007370097338140287,0.6682147024504732,1.0506321611824276,-1.678482375293768,1
1.5512154369020712,1.4732824578944057,-0.5925677550032498,1.3916286433016698,-0.5472256901951869,1
1.2385106680916316,-0.0007370097338140287,0.03782347372361172,-0.5938508735539212,0.6366475849079793,1
0.24827890019190996,-0.0007370097338140287,1.2986059311773346,-1.3418431569122604,-0.3696446989297122,0
0.8476297070785841,1.4732824578944057,-1.2229589837301111,0.544637381263551,-1.6653282277926216,1
-1.3152449438602825,2.2102921917085157,0.03782347372361172,1.8866235367005708,0.8799993136791859,1
-0.06442586861852807,-0.0007370097338140287,2.5593883886310578,-0.03285666103516667,0.7681890599194423,1
-0.9764814443156411,1.4732824578944057,0.6682147024504732,0.8141346010029521,-0.23810322391824928,1
-1.0199126622059795,1.4732824578944057,1.9289971599041962,0.28614004804412485,-0.34991347767799247,0
0.21353392587963899,-0.0007370097338140287,-0.5925677550032498,-0.08235615037505707,-1.9941819153212788,1
1.368804321762648,-0.0007370097338140287,-0.5925677550032498,0.04414254460466188,-1.2904350240099525,1
-0.8375015470665571,0.7362727240802959,0.03782347372361172,-1.24284417823248,-1.8692175140603893,1
-1.5932047383584502,-0.0007370097338140287,-0.5925677550032498,0.8251344875229278,0.13021290611384695,1
-1.4802835718435698,0.7362727240802959,-1.2229589837301111,-1.7103393553314419,-0.053945158902200925,0
0.7781397584540422,-0.7377467435479239,0.03782347372361172,-0.21985473187475177,-0.2117949289159568,1
1.0039820914838031,-0.7377467435479239,-1.8533502124569727,-0.4508523487942386,-0.9681584102318685,1
0.2395926566138424,0.7362727240802959,-1.2229589837301111,0.5941368706034407,-0.09340760140564036,1
-0.2815819580702215,-0.0007370097338140287,0.6682147024504732,-0.698349795493689,-0.46830080518830935,0
-0.17734703513340933,2.2102921917085157,0.03782347372361172,-2.6893292556092683,-0.9089647464767099,1
0.48280747679973923,-0.0007370097338140287,0.03782347372361172,-0.2528543914346782,0.5971851424045399,1
0.5522974254242812,0.7362727240802959,0.6682147024504732,0.13214163676446694,1.346971549969879,1
0.36120006670679045,1.4732824578944057,0.6682147024504732,1.6721257495610475,1.2220071487089887,1
-0.17734703513340933,-1.4747564773620339,0.03782347372361172,0.4676381756237217,-0.9352730414790028,1
-1.3499899181725534,-0.0007370097338140287,-0.5925677550032498,-1.633340149691613,-0.8497710827215517,0
-0.38581688100703443,-0.7377467435479239,-0.5925677550032498,-0.2748541644746296,-1.2772808765088062,0
2.159252487366812,-0.7377467435479239,1.2986059311773346,-1.04484622087292,0.5708768474022479,1
-0.4813655603657798,-1.4747564773620339,0.03782347372361172,-0.6048507600738969,-1.106276958993904,0
0.3351413359725878,0.7362727240802959,1.9289971599041962,-1.1713449158526388,-0.33018225642627325,1
-1.4194798667970954,0.7362727240802959,0.6682147024504732,-0.18135512905483708,2.0178330725283398,1
0.8476297070785841,-0.7377467435479239,0.6682147024504732,0.8801339201228058,0.9457700511849174,1
0.005064080006013106,-1.4747564773620339,1.2986059311773346,0.11564180698450374,-0.8300398614698323,1
-2.010144430105701,-0.0007370097338140287,0.03782347372361172,0.9681330122826108,0.9128846824320517,1
-0.22077825302374787,-0.0007370097338140287,-1.2229589837301111,1.9361230260404612,0.011825578603530527,0
-0.8027565727542861,-0.0007370097338140287,-0.5925677550032498,0.6931358492832215,-0.4814549526894554,0
-0.6116592140367961,1.4732824578944057,0.03782347372361172,1.364128927001731,0.7089953961642835,0
-2.739788890663391,-0.0007370097338140287,-0.5925677550032498,-0.02185677451519094,0.024979726104677004,0
1.0995307708425477,-1.4747564773620339,-1.2229589837301111,1.8866235367005708,-0.0210597901493352,1
2.1505662437887447,1.4732824578944057,-0.5925677550032498,1.6281262034811452,-0.8497710827215517,1
0.26565138734804583,-0.0007370097338140287,0.6682147024504732,1.0891317640023415,0.1630982748667127,1
0.17010270798930044,0.7362727240802959,-0.5925677550032498,1.5676268276212793,-0.11971589640793238,1
0.14404397725509702,-0.0007370097338140287,0.6682147024504732,-0.5553512707340065,-0.43541543643544367,1
0.03980905431828408,1.4732824578944057,1.9289971599041962,0.9406332959826719,-0.1657554126619446,1
-0.5595417525683893,-1.4747564773620339,0.03782347372361172,1.1881307426821224,2.103335031285791,1
1.8291752314002374,-1.4747564773620339,-0.5925677550032498,-0.3683531998944218,-0.19206370766423755,0
0.28302387450418093,0.7362727240802959,0.03782347372361172,-0.9293474124131763,0.36698756113447983,1
-0.5161105346780508,1.4732824578944057,-0.5925677550032498,0.09364203394455228,-1.678482375293768,0
-1.8016745842320754,-0.0007370097338140287,1.9289971599041962,-0.648850306153799,-0.1526012651607981,0
-0.906991495691099,0.7362727240802959,-1.2229589837301111,0.6766360195032575,0.4524895198919315,0
1.05609955295221,-0.0007370097338140287,1.9289971599041962,-1.3528430434322356,-0.21837200266652956,1
0.6739048355172285,-0.0007370097338140287,0.03782347372361172,-0.6653501359337622,-0.9221188939778563,0
1.229824424513564,-0.0007370097338140287,-1.2229589837301111,-0.7973487741734695,1.1036198211986723,1
-1.6626946869829924,0.7362727240802959,-1.2229589837301111,-0.802848717433457,-2.533501962868277,1
-0.9504227135814376,0.7362727240802959,0.03782347372361172,1.1881307426821224,-0.5011861739411752,1
1.6380778726827483,-0.0007370097338140287,0.03782347372361172,0.57213709756349,-0.3236051826757,1
1.1690207194670896,-0.7377467435479239,0.6682147024504732,1.1826307994221341,-0.48803202644002863,1
1.5164704625897996,-0.0007370097338140287,0.03782347372361172,-0.18685507231482495,0.11705875861270049,1
-1.4802835718435698,2.2102921917085157,1.9289971599041962,-0.4838520083541654,-0.21837200266652956,1
-1.9580269686372953,-0.7377467435479239,-0.5925677550032498,0.2476404452242102,0.6761100274114179,1
0.9866096043276681,-0.7377467435479239,1.2986059311773346,0.31363976434406377,1.1693905587044038,1
-0.08179835577466395,-0.0007370097338140287,-0.5925677550032498,0.7206355655831603,0.5314144048988084,1
0.24827890019190996,-0.0007370097338140287,-1.2229589837301111,0.22014072892427125,-1.9086799565638282,1
-0.9591089571595052,0.7362727240802959,-0.5925677550032498,0.6051367571234164,-0.6393047227032113,1
-0.6898354062394056,-0.0007370097338140287,0.03782347372361172,0.1266416935044787,-0.44856958393658963,1
0.2917101180822485,1.4732824578944057,0.6682147024504732,1.6171263169611696,-0.49460910019060184,1
-0.9591089571595052,-0.0007370097338140287,-1.2229589837301111,0.8526342038228668,0.09075046361040846,0
-0.12522957366500248,-1.4747564773620339,0.03782347372361172,-1.0558461073928953,0.09075046361040846,0
0.23090641303577486,-0.7377467435479239,-0.5925677550032498,-0.307853824034556,-1.0996998852433315,0
1.5512154369020712,-0.0007370097338140287,0.03782347372361172,0.40163885650386805,0.7155724699148572,1
0.6565323483610933,2.2102921917085157,1.9289971599041962,0.8086346577429646,-1.5666721215340245,1
-0.8809327649568957,-0.0007370097338140287,0.03782347372361172,0.09914197720453975,0.10390461111155401,0
0.09192651578669093,-0.0007370097338140287,-1.8533502124569727,-1.1053455967327852,-1.3890911302685498,0
0.7260222969856354,-0.7377467435479239,-0.5925677550032498,1.3036295511418656,-0.14602419141022535,1
0.10929900294282605,-0.7377467435479239,-0.5925677550032498,-0.8193485472134205,-0.5143403214423211,0
0.8910609249689219,1.4732824578944057,0.6682147024504732,-1.550841000791796,1.340394476219306,1
0.005064080006013106,-1.4747564773620339,0.03782347372361172,-0.07135626385508134,-0.8366169352204056,0
-0.8375015470665571,-1.4747564773620339,1.2986059311773346,-0.25835433469466607,-0.053945158902200925,0
-0.09917084293079906,-0.7377467435479239,-0.5925677550032498,-0.07135626385508134,0.8010744286723079,0
0.27433763092611335,-0.7377467435479239,0.6682147024504732,1.9361230260404612,0.7287266174160029,1
-0.8548740342226923,-0.7377467435479239,2.5593883886310578,0.016642828304722947,0.5445685523999549,1
0.5870423997365514,0.7362727240802959,-0.5925677550032498,-0.1483554694949103,-0.5209173951928944,1
-0.23815074017988297,-0.7377467435479239,0.03782347372361172,-0.40685280271433644,-0.8300398614698323,0
1.916037667180916,0.7362727240802959,-1.2229589837301111,-0.8468482635133595,-1.1786247702502088,1
-0.047053381462392976,-0.7377467435479239,-0.5925677550032498,-0.3903529729343729,-0.8103086402181127,1
-0.33369941953862836,0.7362727240802959,-1.8533502124569727,0.5391374380035627,0.35383341363333426,1
0.5001799639558744,2.2102921917085157,0.6682147024504732,-0.03285666103516667,0.6498017324091259,1
0.23090641303577486,-1.4747564773620339,0.03782347372361172,-0.703849738753677,1.0049637149400752,0
0.8476297070785841,-0.0007370097338140287,0.6682147024504732,-1.6993394688114665,-0.3696446989297122,1
1.976841372227389,0.7362727240802959,0.03782347372361172,1.9361230260404612,-0.014482716398762429,1
-0.7419528677078118,-0.0007370097338140287,-1.2229589837301111,-0.2748541644746296,1.5179754674847803,1
0.10929900294282605,2.2102921917085157,0.6682147024504732,1.9361230260404612,0.4261812248896385,1
-0.7766978420200827,-0.7377467435479239,0.6682147024504732,0.23114061544424697,0.774766133670015,1
0.6478461047830258,0.7362727240802959,1.2986059311773346,-1.8808375963910633,0.12363583236327419,0
1.82048898782217,1.4732824578944057,0.6682147024504732,0.544637381263551,0.7616119861688686,1
-1.6105772255145854,-0.7377467435479239,-0.5925677550032498,0.033142658084686936,0.07101924235868827,0
0.17010270798930044,-0.0007370097338140287,-1.2229589837301111,-1.2263443484525167,-1.2838579502593794,0
-0.6811491626613374,-0.0007370097338140287,0.6682147024504732,0.23114061544424697,-0.4288383626848704,0
-0.7419528677078118,-0.0007370097338140287,-0.5925677550032498,0.5996368138634289,-0.9747354839824413,1
-0.06442586861852807,2.2102921917085157,0.6682147024504732,1.7051254091209738,0.6892641749125643,1
1.8639202057125093,-0.0007370097338140287,0.03782347372361172,-1.5013415114519062,-0.3827988464308582,0
0.899747168546991,0.7362727240802959,-0.5925677550032498,-2.9918261349085964,-0.13944711765965162,0
-1.8103608278101437,-1.4747564773620339,-0.5925677550032498,0.07714220416458908,0.5182602573976629,0
2.159252487366812,0.7362727240802959,0.03782347372361172,1.3201293809218289,-0.5472256901951869,1
0.5522974254242812,0.7362727240802959,1.9289971599041962,-1.550841000791796,-1.4614389415248545,1
-2.175183058088989,-0.7377467435479239,-0.5925677550032498,-2.441831808909818,-0.38937592018143147,0
0.1614164644112329,1.4732824578944057,-0.5925677550032498,-0.9843468450130541,-0.4419925101860169,1
-1.393421136062892,-0.7377467435479239,0.6682147024504732,-0.8853478663332738,0.2683314548758826,1
0.9518646300153963,-0.0007370097338140287,0.6682147024504732,-0.17585518579484924,-0.5209173951928944,1
-1.7843020970759402,1.4732824578944057,-0.5925677550032498,-1.9908364615908192,0.9326159036837709,1
0.6999635662514326,-0.7377467435479239,1.2986059311773346,1.4466280759015477,0.8010744286723079,1
-0.13391581724307003,-0.7377467435479239,0.03782347372361172,-1.528841227751845,0.6366475849079793,0
0.10061275936475848,0.7362727240802959,0.6682147024504732,-0.577351043773958,2.136220400038656,1
1.1342757451548195,-0.0007370097338140287,-1.8533502124569727,-0.6818499657137258,-0.7905774189663934,0
0.6478461047830258,-0.0007370097338140287,0.03782347372361172,1.6556259197810843,-0.6195735014514915,1
-0.8635602778007606,-1.4747564773620339,1.9289971599041962,1.496127565241438,-1.3233203927628183,1
1.0908445272644802,-0.0007370097338140287,0.03782347372361172,0.4346385160637953,-0.06709930640334741,1
-0.9591089571595052,-0.7377467435479239,0.03782347372361172,1.1221314235622688,-0.9615813364812953,0
-0.3163269323824925,0.7362727240802959,-0.5925677550032498,0.8031347144829772,0.9852324936883559,1
0.1874751951454363,-0.7377467435479239,-0.5925677550032498,1.2046305724620856,0.5182602573976629,1
0.34382757955065535,0.7362727240802959,-0.5925677550032498,0.1926410126243323,1.314086181217013,1
0.013750323584081429,-0.7377467435479239,0.6682147024504732,0.8746339768628183,2.0046789250271932,1
-0.5942867268806603,0.7362727240802959,-0.5925677550032498,-0.3518533701144586,-0.0013285688976159503,0
-0.09048459935273151,0.7362727240802959,0.03782347372361172,0.5886369273434532,1.2022759274572694,1
1.7596852827756955,0.7362727240802959,0.03782347372361172,0.643636359943331,-0.0013285688976159503,1
0.03980905431828408,-0.0007370097338140287,0.6682147024504732,-0.8193485472134205,-1.0996998852433315,0
0.6999635662514326,-0.0007370097338140287,-1.2229589837301111,1.166130969642171,1.4324735087273295,1
-1.2631274823918763,-0.7377467435479239,1.2986059311773346,-0.12635569645495923,0.7418807649171493,0
-0.8896190085349632,-0.0007370097338140287,-1.2229589837301111,1.6556259197810843,-1.237818434005367,1
0.9518646300153963,-1.4747564773620339,0.03782347372361172,-0.37385314315440965,-0.27756566642168823,1
0.46543498964360414,2.2102921917085157,0.03782347372361172,-0.07135626385508134,-1.3496286877651107,1
-1.306558700282215,0.7362727240802959,1.2986059311773346,-0.753349228093567,1.241738369960709,1
1.82048898782217,0.7362727240802959,0.03782347372361172,-0.42885257575428753,2.136220400038656,1
-0.23815074017988297,-0.7377467435479239,0.6682147024504732,-1.1273453697727367,1.268046664963001,0
-1.688753417717195,0.7362727240802959,0.03782347372361172,-0.6543502494137869,2.136220400038656,0
0.34382757955065535,-0.7377467435479239,-0.5925677550032498,0.9791328988025858,0.2091377911207249,0
-0.6637766755052023,-0.7377467435479239,0.03782347372361172,1.9361230260404612,-3.0399366416624094,0
-0.15997454797727345,-0.0007370097338140287,1.2986059311773346,1.7821246147608032,0.9128846824320517,1
-0.2902682016482898,-0.7377467435479239,0.6682147024504732,-0.4508523487942386,0.41302707738849204,0
-0.35107190669476346,0.7362727240802959,-0.5925677550032498,1.265129948321951,-0.5472256901951869,1
-1.167578803033131,2.2102921917085157,-0.5925677550032498,-0.3628532566344339,0.7024183224137108,1
0.5783561561584839,-0.7377467435479239,1.2986059311773346,-0.04935649081513027,1.2483154437112818,0
0.7260222969856354,-0.0007370097338140287,0.03782347372361172,-0.9128475826332126,-1.6982135965454872,0
0.19616143872350386,-1.4747564773620339,-1.2229589837301111,0.5831369840834657,-0.6458817964537841,1
-0.11654333008693493,-0.0007370097338140287,-0.5925677550032498,-0.335353540334495,-0.5077632476917483,0
-1.0546576365182505,-0.0007370097338140287,-1.2229589837301111,1.0616320477024026,0.3998729298873456,0
-1.0285989057840472,0.7362727240802959,0.03782347372361172,1.606126430441194,-0.8497710827215517,1
-1.080716367252454,-0.0007370097338140287,0.6682147024504732,0.544637381263551,-1.2772808765088062,1
1.8726064492905767,1.4732824578944057,-0.5925677550032498,-0.06585632059509347,-0.6524588702043572,1
1.2037656937793615,-0.7377467435479239,-0.5925677550032498,-0.20335490209478815,-0.22494907641710327,1
0.178788951567368,0.7362727240802959,0.03782347372361172,1.2046305724620856,1.6692481637479635,1
-1.5932047383584502,-0.7377467435479239,-1.2229589837301111,0.09364203394455228,-0.8826564514744174,0
1.0300408222180057,-1.4747564773620339,1.2986059311773346,0.5226376082235995,0.3341021923816141,0
2.159252487366812,-1.4747564773620339,-1.2229589837301111,-0.7698490578735305,-0.5669569114469065,0
-1.4542248411093663,-0.0007370097338140287,-1.2229589837301111,1.6666258063010593,-0.1526012651607981,1
0.6478461047830258,-0.7377467435479239,0.6682147024504732,1.1881307426821224,0.011825578603530527,1
-1.4802835718435698,1.4732824578944057,0.03782347372361172,1.0781318774823665,1.5442837624870733,1
0.24827890019190996,-0.0007370097338140287,1.2986059311773346,0.5996368138634289,0.6695329536608451,0
0.8041984891882448,-0.0007370097338140287,-0.5925677550032498,-0.23635456165471497,1.0181178624412217,1
-0.9591089571595052,1.4732824578944057,0.6682147024504732,0.896633749902769,0.5840309949033944,1
0.7781397584540422,-0.0007370097338140287,-1.2229589837301111,-0.2968539375145807,-0.6590359439549305,0
0.9258058992811936,-0.0007370097338140287,0.6682147024504732,0.7316354521031353,2.136220400038656,1
0.7347085405637028,0.7362727240802959,-1.2229589837301111,0.31913970760405125,1.6824023112491089,1
0.4480625024874675,0.7362727240802959,0.03782347372361172,-0.2638542779546539,-0.36306762517913893,1
1.4990979754336644,-1.4747564773620339,1.9289971599041962,-0.49485189487414116,0.5051061098965164,1
1.6988815777292228,-0.7377467435479239,0.6682147024504732,-0.62135058985386,-0.9023876727261371,1
0.04849529789635241,-1.4747564773620339,0.03782347372361172,0.21464078566428377,0.3998729298873456,1
0.6999635662514326,-0.7377467435479239,0.6682147024504732,-1.974336631810856,0.6432246586585522,1
0.48280747679973923,-1.4747564773620339,0.03782347372361172,0.41813868628383205,-0.3038739614239807,1
1.9507826414931864,-0.7377467435479239,-0.5925677550032498,1.7601248417208517,0.6892641749125643,1
-0.25552322733601884,1.4732824578944057,-1.2229589837301111,0.22014072892427125,0.37356463488505354,1
0.8650021942347192,-0.0007370097338140287,0.03782347372361172,0.5996368138634289,-1.487747236527147,1
0.27433763092611335,-1.4747564773620339,-0.5925677550032498,0.8361343740429036,1.8468291550134375,1
0.4480625024874675,-1.4747564773620339,2.5593883886310578,1.1606310263821833,0.024979726104677004,1
-0.22077825302374787,2.2102921917085157,0.6682147024504732,1.1991306292020973,0.9786554199377832,1
-0.7158941369736084,0.7362727240802959,0.03782347372361172,-0.698349795493689,2.0309872200294863,1
-0.49005180394384734,0.7362727240802959,0.6682147024504732,0.33563953738401525,1.4324735087273295,1
-0.08179835577466395,-0.7377467435479239,0.6682147024504732,-0.22535467513473922,0.465643667393077,0
-1.4194798667970954,1.4732824578944057,0.03782347372361172,-0.07685620711506921,0.5642997736516742,1
0.7781397584540422,-0.0007370097338140287,-1.8533502124569727,-2.359332660010001,0.8273827236746,0
1.0821582836864125,0.7362727240802959,-1.2229589837301111,-1.8588378233511123,0.6234934374068328,0
1.5859604112143415,-0.7377467435479239,0.6682147024504732,0.6271365301633678,2.0309872200294863,1
-0.11654333008693493,0.7362727240802959,-0.5925677550032498,0.1101418637245155,-0.4551466576871629,1
-1.8537920457004822,0.7362727240802959,0.03782347372361172,-0.005356944735227735,0.6103392899056864,1
-0.055739625040460525,1.4732824578944057,-0.5925677550032498,-1.952336858770905,1.7415959750042675,1
0.26565138734804583,-0.0007370097338140287,-0.5925677550032498,-0.698349795493689,0.7024183224137108,0
0.19616143872350386,-0.0007370097338140287,-0.5925677550032498,-1.7708387311913076,1.7942125650088525,1
-0.12522957366500248,0.7362727240802959,2.5593883886310578,-1.2263443484525167,0.6103392899056864,1
-1.0372851493621147,0.7362727240802959,0.6682147024504732,-0.47835206509417755,-0.8168857139686859,1
0.8736884378127868,-1.4747564773620339,1.2986059311773346,-1.5343411710118329,-0.33018225642627325,1
-0.7766978420200827,-0.7377467435479239,0.6682147024504732,0.04414254460466188,0.8208056499240273,1
-0.047053381462392976,2.2102921917085157,0.03782347372361172,0.7261355088431478,0.14336705361499344,1
0.6652185919391609,1.4732824578944057,-0.5925677550032498,-0.24185450491470284,1.6626710899973898,1
-1.0546576365182505,0.7362727240802959,0.03782347372361172,0.37413914020392913,-0.06709930640334741,1
1.073472040108345,-0.0007370097338140287,-0.5925677550032498,-2.029336064410734,-1.5469409002823051,0
-1.6713809305610599,1.4732824578944057,0.03782347372361172,-0.8138486039534326,-0.5274944689434676,0
-0.6811491626613374,1.4732824578944057,1.2986059311773346,1.4631279056815116,-0.3038739614239807,0
0.8389434635005166,-1.4747564773620339,0.03782347372361172,-2.947826588828694,1.9323311137708892,0
-1.3586761617506211,-0.0007370097338140287,0.6682147024504732,0.18714106936434483,0.30779389737932206,1
1.6033328983704764,0.7362727240802959,-0.5925677550032498,0.07714220416458908,0.6366475849079793,1
0.21353392587963899,-0.7377467435479239,-1.8533502124569727,0.9846328420625741,0.1630982748667127,0
-1.7408708791856018,-0.0007370097338140287,-1.2229589837301111,0.8801339201228058,0.2025607173701512,0
-0.906991495691099,-0.7377467435479239,1.9289971599041962,-0.7313494550536158,-0.6590359439549305,0
-1.5237147897339083,-0.0007370097338140287,0.6682147024504732,0.005642941784747997,0.6695329536608451,0
0.3351413359725878,-1.4747564773620339,-0.5925677550032498,-0.24185450491470284,-1.6719053015431948,1
0.6912773226733651,-1.4747564773620339,0.6682147024504732,-0.08235615037505707,-0.08025345390449388,0
0.34382757955065535,-0.7377467435479239,0.03782347372361172,0.09914197720453975,-1.3627828352662572,1
0.526238694690077,-0.0007370097338140287,0.03782347372361172,-1.0943457102128098,1.807366712509999,0
0.6999635662514326,0.7362727240802959,0.03782347372361172,1.0011326718425373,-0.7708461977146741,1
-1.2631274823918763,-0.7377467435479239,2.5593883886310578,-0.04935649081513027,1.3272403287181596,0
2.159252487366812,-0.0007370097338140287,0.6682147024504732,0.7316354521031353,1.031272009942368,1
0.013750323584081429,2.2102921917085157,0.6682147024504732,-0.8853478663332738,-1.2772808765088062,1
0.2569651437699775,0.7362727240802959,-0.5925677550032498,1.5456270545813284,-2.2967273078476436,0
0.14404397725509702,0.7362727240802959,0.03782347372361172,-1.7488389581513566,0.6498017324091259,1
0.4046312845971297,-0.7377467435479239,-0.5925677550032498,-0.9733469584930784,-0.33675933017684645,0
0.36120006670679045,-0.7377467435479239,-0.5925677550032498,-0.9458472421931395,-0.8892335252249906,0
0.6217873740488231,0.7362727240802959,-0.5925677550032498,-0.2803541077346171,-2.244110717843059,0
-0.8983052521130308,-0.0007370097338140287,-0.5925677550032498,1.056132104442415,-0.09340760140564036,1
-0.5682279961464569,-1.4747564773620339,-1.2229589837301111,-0.9348473556731641,0.43933537239078496,0
0.2917101180822485,-1.4747564773620339,1.2986059311773346,0.6271365301633678,0.27490852862645637,0
-0.12522957366500248,1.4732824578944057,0.6682147024504732,-0.23635456165471497,1.5048213199836347,1
1.8639202057125093,-0.0007370097338140287,0.6682147024504732,1.2871297213619024,1.6429398687456704,1
-1.3586761617506211,-0.7377467435479239,0.6682147024504732,-1.9028373694310143,-0.14602419141022535,1
-0.8114428163323537,-0.0007370097338140287,-0.5925677550032498,0.9956327285825497,-0.4814549526894554,0
1.8552339621344418,-0.7377467435479239,-0.5925677550032498,-0.5828509870339454,-1.1128540327444774,0
-1.4455385975312989,0.7362727240802959,0.6682147024504732,1.309129494401853,0.9589241986860629,0
-0.35975815027283176,-0.0007370097338140287,0.03782347372361172,1.0946317072623297,0.13021290611384695,0
-0.7940703291762186,-0.7377467435479239,-0.5925677550032498,0.48963794866367316,-0.724806681460662,0
-1.8972232635908208,-1.4747564773620339,0.6682147024504732,-0.5608512139939944,2.136220400038656,0
1.4122355396529873,-0.0007370097338140287,-0.5925677550032498,0.005642941784747997,-1.6916365227949146,1
1.142961988732887,0.7362727240802959,1.2986059311773346,0.896633749902769,-1.4548618677742813,1
-0.3076406888044249,-0.7377467435479239,-0.5925677550032498,0.8416343173028911,0.07759631610926199,1
1.229824424513564,-0.7377467435479239,-0.5925677550032498,0.04964248786465014,2.136220400038656,0
0.08324027220862339,-0.0007370097338140287,0.03782347372361172,-1.3583429866922236,-0.10656174890678591,0
-0.6029729704587279,-0.7377467435479239,-0.5925677550032498,-1.5948405468716986,-0.33018225642627325,0
-0.4205618553193054,-0.7377467435479239,-0.5925677550032498,1.9361230260404612,1.8402520812628649,1
1.6293916291046808,0.7362727240802959,0.03782347372361172,-0.19235501557481283,1.1693905587044038,1
0.6565323483610933,-0.0007370097338140287,1.2986059311773346,-0.26935422121464175,0.005248504852956822,1
-0.23815074017988297,-0.7377467435479239,0.03782347372361172,-1.897337426171027,1.2877778862147202,0
-1.5932047383584502,1.4732824578944057,-1.2229589837301111,1.0066326151025247,1.3535486237204517,1
-0.35107190669476346,-0.0007370097338140287,0.03782347372361172,-0.725849511793628,0.044710947356396254,1
-1.0285989057840472,-0.0007370097338140287,-0.5925677550032498,0.6546362464633068,-0.1986407814148103,1
-0.020994650728189547,-1.4747564773620339,0.6682147024504732,-1.7928385042312587,0.3209480448804686,1
0.10929900294282605,-0.7377467435479239,-0.5925677550032498,0.7206355655831603,-0.15917833891137181,0
-0.23815074017988297,0.7362727240802959,-1.2229589837301111,0.5006378351836489,0.48537488864479716,1
-0.6116592140367961,-0.0007370097338140287,0.6682147024504732,-1.2593440080124436,-1.0141979264858803,1
-0.7506391112858793,0.7362727240802959,-0.5925677550032498,0.9241334662027079,0.1565212011161399,1
0.6739048355172285,-0.7377467435479239,-1.2229589837301111,-0.25835433469466607,-1.3364745402639644,0
0.6304736176268907,1.4732824578944057,-0.5925677550032498,-0.4013528594543486,0.6103392899056864,0
0.6217873740488231,-1.4747564773620339,0.6682147024504732,0.1101418637245155,-0.9615813364812953,0
-0.36844439385089933,-0.0007370097338140287,-0.5925677550032498,0.5281375514835878,-0.5735339851974798,1
-1.115461341564724,-0.7377467435479239,0.6682147024504732,1.5126273950214013,-0.014482716398762429,0
-0.0296808943062571,-0.0007370097338140287,1.2986059311773346,0.48963794866367316,-0.7576920502135277,1
-1.2631274823918763,-0.7377467435479239,-0.5925677550032498,-0.45635229205422645,1.5837462049905118,1
-0.8635602778007606,-0.7377467435479239,-0.5925677550032498,-0.9238474691531884,1.5574379099882196,0
2.159252487366812,-0.0007370097338140287,1.2986059311773346,-1.484841681671943,0.3867187823862,1
-0.2642094709140864,-0.0007370097338140287,0.6682147024504732,1.9306230827804736,1.1693905587044038,1
2.159252487366812,-0.7377467435479239,2.5593883886310578,0.25314038848419845,-1.1325852539961971,1
-1.4542248411093663,1.4732824578944057,1.9289971599041962,-0.10435592341500814,-1.1325852539961971,0
-0.6116592140367961,-0.7377467435479239,-1.8533502124569727,0.3576393104239659,0.906307608681478,0
-2.1404380837767176,-0.0007370097338140287,-0.5925677550032498,1.0451322179224394,0.2551773073747371,0
-0.2815819580702215,0.7362727240802959,0.03782347372361172,-1.842337993571149,-1.757407260300646,0
-1.984085699371498,-0.7377467435479239,0.6682147024504732,-1.0338463343529443,-0.38937592018143147,0
0.09192651578669093,-0.0007370097338140287,0.6682147024504732,0.2696402182641616,-1.9152570303144014,1
0.6217873740488231,2.2102921917085157,0.6682147024504732,0.42363862954381953,1.6955564587502554,1
0.34382757955065535,2.2102921917085157,2.5593883886310578,0.17064123958438163,0.08417338985983476,1
0.48280747679973923,-0.0007370097338140287,-1.2229589837301111,0.038642601344674406,0.3801417086356263,1
-0.10785708650886738,0.7362727240802959,1.2986059311773346,0.22014072892427125,-0.08025345390449388,1
-0.6898354062394056,1.4732824578944057,0.03782347372361172,-0.9018476961132373,-0.04079101140105445,1
0.05718154147441996,-1.4747564773620339,-0.5925677550032498,0.9076336364227446,0.005248504852956822,0
0.6999635662514326,-1.4747564773620339,-0.5925677550032498,0.04964248786465014,-0.15917833891137181,0
-1.5063423025777725,-1.4747564773620339,0.03782347372361172,1.166130969642171,1.3075091074664404,0
0.4046312845971297,-0.7377467435479239,1.2986059311773346,0.8416343173028911,-2.77027661788891,1
0.05718154147441996,0.7362727240802959,-1.2229589837301111,-0.8083486606934448,-0.685344238957223,1
1.916037667180916,-0.7377467435479239,-1.2229589837301111,0.4786380621436974,-0.0210597901493352,1
-1.2891862131260792,-0.7377467435479239,0.6682147024504732,-0.5883509302939333,-1.5732491952845977,0
0.09192651578669093,1.4732824578944057,-0.5925677550032498,-0.8908478095932616,-0.5998422801997723,1
1.0126683350618706,0.7362727240802959,-0.5925677550032498,1.1496311398622077,0.8076515024228808,1
0.899747168546991,-0.7377467435479239,0.03782347372361172,-0.04385654755514241,-0.8629252302226981,0
1.916037667180916,-0.0007370097338140287,1.9289971599041962,-1.2483441214924678,0.05128802110696903,1
0.3785725538629263,0.7362727240802959,1.2986059311773346,-1.039346277612932,0.35383341363333426,1
0.178788951567368,-0.7377467435479239,0.03782347372361172,0.07164226090460082,-0.46830080518830935,0
0.5870423997365514,-0.0007370097338140287,-0.5925677550032498,0.8746339768628183,1.215430074958416,1
-1.0025401750498437,-1.4747564773620339,-0.5925677550032498,0.4126387430238438,-0.11971589640793238,0
0.10929900294282605,-0.0007370097338140287,0.6682147024504732,0.011142885044735472,-0.08683052765506666,1
-0.203405765867612,-1.4747564773620339,-0.5925677550032498,-0.07135626385508134,0.48537488864479716,0
0.10061275936475848,-0.0007370097338140287,0.6682147024504732,-1.7433390148913688,0.30779389737932206,0
1.4643530011213926,-1.4747564773620339,-0.5925677550032498,-0.13735558297493494,-0.48803202644002863,0
-0.10785708650886738,-1.4747564773620339,0.03782347372361172,0.8086346577429646,-0.4551466576871629,0
-0.5074242910999832,-0.7377467435479239,0.6682147024504732,1.710625352380962,0.3998729298873456,0
-2.2273005195573945,-0.7377467435479239,1.9289971599041962,0.9736329555425983,-0.053945158902200925,1
-1.1415200722989276,-0.0007370097338140287,0.6682147024504732,-0.57185110051397,0.011825578603530527,0
1.1516482323109547,-0.7377467435479239,-1.2229589837301111,-1.578340717091735,-0.9615813364812953,0
0.005064080006013106,-0.7377467435479239,0.6682147024504732,-0.2308546183947271,0.8865763874297586,1
1.6207053855266131,-1.4747564773620339,-0.5925677550032498,0.9846328420625741,-1.1523164752479165,1
-0.9677952007375727,-1.4747564773620339,0.03782347372361172,0.2421405019642227,0.0184026523541033,0
0.8910609249689219,-0.7377467435479239,0.6682147024504732,-1.897337426171027,1.0970427474480995,0
0.9605508735934638,2.2102921917085157,-1.2229589837301111,0.13214163676446694,0.3998729298873456,1
-0.2989544452263574,-0.7377467435479239,-0.5925677550032498,0.6821359627632457,0.3209480448804686,0
1.681509090573086,-0.7377467435479239,1.9289971599041962,0.5996368138634289,-2.632158069126874,0
0.46543498964360414,-0.0007370097338140287,-1.2229589837301111,-0.027356717775179198,0.7550349124182958,1
2.159252487366812,-0.0007370097338140287,0.03782347372361172,1.7051254091209738,-0.9352730414790028,1
0.7955122456101773,-0.7377467435479239,0.03782347372361172,0.44013845932378276,-0.5801110589480526,1
0.4133175281751973,-0.7377467435479239,-0.5925677550032498,0.3851390267239049,0.17625242236785915,1
0.2569651437699775,-0.7377467435479239,-1.8533502124569727,1.7326251254209128,0.2551773073747371,0
0.28302387450418093,-0.0007370097338140287,0.03782347372361172,-0.9128475826332126,-2.1059921690810226,1
0.7260222969856354,-0.7377467435479239,0.6682147024504732,-1.5728407738317471,0.3341021923816141,1
-0.5508555089903218,-1.4747564773620339,-0.5925677550032498,-0.725849511793628,0.3998729298873456,0
0.19616143872350386,-0.0007370097338140287,0.03782347372361172,-0.6323504763738358,0.1630982748667127,1
-0.5421692654122542,1.4732824578944057,-1.2229589837301111,-0.9623470719731031,-0.8958105989755638,1
-0.5074242910999832,-0.0007370097338140287,0.6682147024504732,0.22014072892427125,0.011825578603530527,1
0.899747168546991,1.4732824578944057,-1.2229589837301111,-1.869837709871088,2.096757957535218,1
0.7781397584540422,0.7362727240802959,-1.2229589837301111,0.544637381263551,1.4390505824779032,1
-1.0633438800963182,-0.0007370097338140287,0.6682147024504732,1.595126543921218,0.09075046361040846,1
1.5772741676362738,0.7362727240802959,0.6682147024504732,0.23664055870423445,0.005248504852956822,1
0.9779233607496005,2.2102921917085157,-1.8533502124569727,0.7041357358031964,-1.5600950477834516,1
-0.37713063742896685,-0.7377467435479239,-0.5925677550032498,0.25314038848419845,-0.31045103517455397,0
1.525156706167867,-0.7377467435479239,-1.2229589837301111,-0.6323504763738358,-0.685344238957223,1
-1.5237147897339083,1.4732824578944057,-0.5925677550032498,0.6326364734233553,-0.39595299393200467,0
-0.8288153034884896,-0.0007370097338140287,1.9289971599041962,-0.802848717433457,-1.9744506940695596,0
0.09192651578669093,0.7362727240802959,-0.5925677550032498,-0.775349001133518,1.2877778862147202,1
0.5436111818462136,-0.0007370097338140287,-0.5925677550032498,0.5996368138634289,-2.2769960865959242,0
-0.03836713788432542,0.7362727240802959,0.6682147024504732,-0.3683531998944218,0.5379914786493821,1
0.2395926566138424,-1.4747564773620339,0.6682147024504732,-0.753349228093567,0.24202315987359063,1
0.6044148868926881,0.7362727240802959,-0.5925677550032498,-2.122835099830526,-0.8695023039732713,0
1.8118027442441025,-0.7377467435479239,-0.5925677550032498,1.5291272248013645,-0.2117949289159568,0
0.03980905431828408,1.4732824578944057,0.6682147024504732,0.8471342605628793,-0.4748778789388826,0
1.281941885981971,-1.4747564773620339,-1.2229589837301111,-1.1713449158526388,0.5971851424045399,0
1.038727065796075,0.7362727240802959,0.6682147024504732,-0.1483554694949103,1.9323311137708892,1
0.5957286433146189,0.7362727240802959,-0.5925677550032498,-0.8578481500333348,-0.4288383626848704,0
-1.202323777345402,0.7362727240802959,-1.2229589837301111,-0.9458472421931395,-1.4943243102777202,0
0.8563159506566517,0.7362727240802959,-1.2229589837301111,0.06064237438462587,0.9326159036837709,1
-0.5595417525683893,-0.0007370097338140287,0.6682147024504732,0.7096356790631847,0.7616119861688686,1
0.09192651578669093,0.7362727240802959,0.03782347372361172,-0.1483554694949103,1.675825237498536,1
0.19616143872350386,-0.0007370097338140287,0.03782347372361172,-0.3518533701144586,-1.218087212753648,1
-2.5921227498362396,0.7362727240802959,0.03782347372361172,1.4576279624215234,1.498244246233061,1
0.38725879744099384,0.7362727240802959,-1.2229589837301111,0.6381364166833435,0.3406792661321878,1
-2.166496814510921,2.2102921917085157,0.03782347372361172,-0.4178526892343118,0.11705875861270049,1
-0.6029729704587279,-0.7377467435479239,1.2986059311773346,-0.753349228093567,-0.18548663391366385,1
-0.5682279961464569,-0.7377467435479239,-1.2229589837301111,1.2926296646218898,-0.36306762517913893,1
1.1950794502012938,-0.0007370097338140287,1.2986059311773346,-0.6048507600738969,1.0641573786952339,1
0.9779233607496005,-1.4747564773620339,-0.5925677550032498,-1.138345256292712,-0.1657554126619446,0
-1.2978724567041473,1.4732824578944057,-1.2229589837301111,0.04414254460466188,-0.4551466576871629,1
-1.0285989057840472,-1.4747564773620339,1.9289971599041962,-0.8138486039534326,-0.9023876727261371,1
0.09192651578669093,0.7362727240802959,-1.8533502124569727,-0.2968539375145807,0.08417338985983476,0
0.05718154147441996,1.4732824578944057,-1.2229589837301111,-0.7423493415735916,0.7879202811711615,1
0.11798524652089436,-0.0007370097338140287,0.6682147024504732,-0.9128475826332126,-1.8363321453075234,1
0.2048476823015714,-0.7377467435479239,0.6682147024504732,0.3466394239039902,-1.0405062214881728,0
0.6391598612049583,1.4732824578944057,1.2986059311773346,1.3146294376618413,-0.2052178551653831,1
-0.09048459935273151,0.7362727240802959,0.03782347372361172,-1.842337993571149,0.2486002336241634,1
-0.10785708650886738,-0.0007370097338140287,-1.2229589837301111,0.57213709756349,-1.3496286877651107,0
-1.2978724567041473,-1.4747564773620339,-1.2229589837301111,-0.335353540334495,-0.9089647464767099,0
1.0647857965302776,-0.0007370097338140287,3.1897796173579196,-0.12635569645495923,-1.2049330652525014,1
-0.25552322733601884,-0.0007370097338140287,-1.8533502124569727,-0.37385314315440965,-0.6984983864583695,1
1.3080006167161735,-0.0007370097338140287,-1.2229589837301111,-0.10435592341500814,0.774766133670015,1
0.4480625024874675,-0.0007370097338140287,-0.5925677550032498,-0.6928498522337012,-1.007620852735307,1
0.3264550923945195,2.2102921917085157,0.03782347372361172,-0.9568471287131152,-0.23810322391824928,1
-1.1415200722989276,-1.4747564773620339,0.03782347372361172,-1.165844972592651,1.373279844972172,0
0.23090641303577486,-0.7377467435479239,-1.8533502124569727,-1.0503461641329073,0.05786509485754273,0
-0.906991495691099,1.4732824578944057,0.03782347372361172,1.2816297781019141,1.162813484953831,1
1.299314373138106,1.4732824578944057,-1.2229589837301111,1.6831256360810232,-1.8823716615615356,1
-0.6116592140367961,-0.7377467435479239,2.5593883886310578,0.6601361897232942,0.9128846824320517,1
1.4035492960749198,0.7362727240802959,0.03782347372361172,-1.066845993912871,0.07759631610926199,1
0.6391598612049583,-0.0007370097338140287,0.03782347372361172,0.9681330122826108,-1.237818434005367,1
0.526238694690077,-0.0007370097338140287,-0.5925677550032498,-1.0998456534727978,1.3206632549675859,1
0.6565323483610933,-1.4747564773620339,0.03782347372361172,0.8471342605628793,0.465643667393077,0
-0.0036221635720544453,-1.4747564773620339,-0.5925677550032498,-1.116345483252761,-1.165470622749063,0
-0.5161105346780508,-0.7377467435479239,0.03782347372361172,1.4136284163416213,-0.0013285688976159503,1
-1.2110100209234695,-0.7377467435479239,-1.8533502124569727,0.5831369840834657,-0.8300398614698323,0
-0.8201290599104213,-0.7377467435479239,-1.8533502124569727,-0.03285666103516667,1.6166315737433774,0
-0.5769142397245252,-0.7377467435479239,0.03782347372361172,0.06614231764461334,0.2354460861230169,1
0.178788951567368,-1.4747564773620339,0.03782347372361172,0.14314152328444268,0.853691018676893,1
-0.0036221635720544453,-0.7377467435479239,-0.5925677550032498,-0.8413483202533716,-0.955004262730722,0
-0.27289571449215394,-1.4747564773620339,0.03782347372361172,-1.0558461073928953,0.7813432074205887,0
-0.6029729704587279,-0.7377467435479239,0.6682147024504732,1.4301282461215845,-0.13944711765965162,0
1.6380778726827483,0.7362727240802959,-1.2229589837301111,0.2476404452242102,1.550860836237646,1
-0.9243639828472342,2.2102921917085157,0.03782347372361172,-0.4618522353142143,0.6366475849079793,1
-0.24683698375795052,0.7362727240802959,0.03782347372361172,1.166130969642171,-1.4417077202731348,1
-1.8624782892785499,-0.7377467435479239,0.03782347372361172,1.2871297213619024,-0.007905642648188722,1
-0.3423856631166959,-0.7377467435479239,0.03782347372361172,1.2156304589820612,0.7287266174160029,1
-0.4813655603657798,0.7362727240802959,-1.2229589837301111,-1.0008466747930174,-0.4288383626848704,1
-0.7072078933955408,-0.7377467435479239,1.2986059311773346,-0.4838520083541654,0.22886901237244414,0
-0.5334830218341859,2.2102921917085157,1.2986059311773346,-0.39585291619436075,0.18282949611843194,1
-0.047053381462392976,-0.0007370097338140287,0.03782347372361172,-0.39585291619436075,0.6103392899056864,0
0.6391598612049583,-1.4747564773620339,0.03782347372361172,-1.3968425895121381,0.9918095674389287,0
0.07455402863055506,-0.0007370097338140287,1.9289971599041962,1.0726319342223782,0.906307608681478,1
0.45674874606553506,-0.7377467435479239,0.03782347372361172,-1.6883395822914908,0.6958412486631371,1
0.4914937203778068,-1.4747564773620339,0.03782347372361172,-1.842337993571149,-0.40910714143315113,0
-1.3239311874383501,-0.0007370097338140287,-1.2229589837301111,0.2971399345641006,0.044710947356396254,1
-0.5942867268806603,0.7362727240802959,0.6682147024504732,0.6766360195032575,-0.17233248641251736,1
0.526238694690077,0.7362727240802959,0.03782347372361172,1.1606310263821833,-0.27756566642168823,1
-0.5334830218341859,-0.7377467435479239,0.03782347372361172,-1.6773396957715154,-1.7771384815523652,0
0.36120006670679045,-0.7377467435479239,1.2986059311773346,-1.2703438945324188,0.2354460861230169,1
0.36120006670679045,0.7362727240802959,2.5593883886310578,0.7756349981830383,-1.448284794023708,1
1.9420963979151187,2.2102921917085157,0.03782347372361172,1.3421291539617801,-0.5340715426940408,0
-0.4987380475219149,-0.0007370097338140287,0.03782347372361172,-1.017346504572981,0.05128802110696903,1
-0.7593253548639476,-0.0007370097338140287,0.03782347372361172,-0.3903529729343729,0.2486002336241634,0
1.1169032579986844,-1.4747564773620339,-0.5925677550032498,-1.187844745632602,-1.2115101390030747,0
-1.497656058999705,-0.0007370097338140287,-0.5925677550032498,0.022142771564711203,1.6626710899973898,0
2.159252487366812,1.4732824578944057,0.6682147024504732,-0.3298535970745075,0.2091377911207249,1
-0.0296808943062571,-0.7377467435479239,-0.5925677550032498,-1.2703438945324188,0.13678997986441974,0
-1.5758322512023144,0.7362727240802959,0.6682147024504732,-0.8963477528532495,2.136220400038656,1
-1.3847348924848244,-0.7377467435479239,0.03782347372361172,-0.7643491146135426,-0.17233248641251736,0
-0.5074242910999832,-0.7377467435479239,-1.2229589837301111,1.4026285298216457,0.09732753736098124,1
2.159252487366812,0.7362727240802959,0.03782347372361172,0.8031347144829772,0.4459124461413578,1
0.14404397725509702,-0.7377467435479239,-0.5925677550032498,1.5181273382813896,0.7418807649171493,0
0.6652185919391609,-0.0007370097338140287,-1.8533502124569727,0.9461332392426594,1.2022759274572694,1
-1.4889698154216373,-1.4747564773620339,0.6682147024504732,0.4071387997638563,-0.22494907641710327,0
-0.0296808943062571,-1.4747564773620339,-0.5925677550032498,-1.6938395255514787,-1.218087212753648,1
-0.6290317011929313,-0.0007370097338140287,-1.2229589837301111,-0.15385541275489814,1.1233510424503916,1
0.7173360534075678,-0.7377467435479239,0.6682147024504732,-0.753349228093567,0.05786509485754273,1
-0.47267931678771224,-0.0007370097338140287,0.6682147024504732,-0.14285552623492243,0.5774539211528207,1
-0.35107190669476346,-0.0007370097338140287,-1.8533502124569727,0.26414027500417336,-0.43541543643544367,0
-2.3054767117600043,-1.4747564773620339,0.03782347372361172,-2.2108341919903305,1.6692481637479635,0
-0.8722465213788281,-1.4747564773620339,-1.2229589837301111,1.9361230260404612,-0.955004262730722,0
0.5001799639558744,0.7362727240802959,0.03782347372361172,0.3246396508640395,0.7353036911665766,0
0.7433947841417704,-0.7377467435479239,-0.5925677550032498,-1.0833458236928342,-0.33675933017684645,1
-0.8201290599104213,1.4732824578944057,-1.2229589837301111,1.1771308561621465,1.162813484953831,1
0.48280747679973923,-0.7377467435479239,3.1897796173579196,0.06614231764461334,-1.4285535727719887,1
0.2048476823015714,0.7362727240802959,0.6682147024504732,0.6601361897232942,-2.1454546115844613,1
0.8736884378127868,-1.4747564773620339,-1.8533502124569727,-1.165844972592651,-0.2578344451699685,0
-0.8375015470665571,-0.7377467435479239,-1.2229589837301111,0.26414027500417336,2.136220400038656,0
0.8563159506566517,-0.7377467435479239,-1.2229589837301111,0.7591351684030743,-1.5929804165363173,1
-0.17734703513340933,0.7362727240802959,0.6682147024504732,-0.6818499657137258,-0.38937592018143147,1
-1.306558700282215,0.7362727240802959,0.6682147024504732,0.4126387430238438,0.2354460861230169,0
1.1255895015767519,-0.0007370097338140287,0.03782347372361172,1.4576279624215234,-0.9352730414790028,1
-0.055739625040460525,2.2102921917085157,0.03782347372361172,0.44013845932378276,-1.8560633665592432,1
-2.123065596620582,-0.0007370097338140287,-1.2229589837301111,1.408128473081634,-0.9747354839824413,0
0.5696699125804163,-0.7377467435479239,0.03782347372361172,0.18714106936434483,0.024979726104677004,1
-1.045971392940183,-0.0007370097338140287,1.2986059311773346,-1.2593440080124436,0.2683314548758826,0
0.7260222969856354,2.2102921917085157,1.2986059311773346,0.07714220416458908,-0.8826564514744174,1
0.5349249382681461,-0.0007370097338140287,-0.5925677550032498,-1.550841000791796,0.13678997986441974,0
-0.6724629190832698,-0.7377467435479239,0.6682147024504732,-0.40685280271433644,1.4127422874756104,1
0.1874751951454363,1.4732824578944057,1.2986059311773346,-0.8633480932933226,2.136220400038656,1
-0.23815074017988297,-1.4747564773620339,-1.2229589837301111,-1.5948405468716986,-0.5077632476917483,0
0.5870423997365514,0.7362727240802959,-0.5925677550032498,1.012132558362513,0.21571486487129765,1
2.159252487366812,-0.0007370097338140287,-1.2229589837301111,-0.7698490578735305,-0.1986407814148103,1
0.42200377175326487,0.7362727240802959,-1.2229589837301111,-0.4508523487942386,1.1036198211986723,1
-1.6974396612952634,-1.4747564773620339,3.1897796173579196,-0.3298535970745075,0.5708768474022479,0
-0.6116592140367961,-0.7377467435479239,0.03782347372361172,-0.9733469584930784,-1.0470832952387459,1
1.3948630524968506,0.7362727240802959,0.03782347372361172,1.551126997841316,0.18940656986900564,1
1.1950794502012938,-0.0007370097338140287,-0.5925677550032498,-1.0063466180530052,0.005248504852956822,1
-0.047053381462392976,0.7362727240802959,-1.2229589837301111,-0.5443513842140312,-1.0602374427398924,0
-0.4118756117412379,1.4732824578944057,-0.5925677550032498,0.45113834584375845,-1.36935990901683,0
-1.2457549952357405,-0.0007370097338140287,-0.5925677550032498,-0.2528543914346782,-1.2838579502593794,0
-0.9156777392691666,-0.0007370097338140287,-1.2229589837301111,1.9361230260404612,-0.027636863899908905,1
0.07455402863055506,-0.7377467435479239,-1.8533502124569727,1.9361230260404612,0.36698756113447983,1
-0.08179835577466395,-0.0007370097338140287,-0.5925677550032498,0.011142885044735472,1.0444261574435145,0
-0.27289571449215394,0.7362727240802959,0.03782347372361172,0.21464078566428377,0.7024183224137108,0
0.3351413359725878,2.2102921917085157,0.6682147024504732,0.09914197720453975,0.24202315987359063,1
0.3785725538629263,-0.0007370097338140287,0.6682147024504732,-0.6433503628938112,-0.04736808515162816,0
2.159252487366812,-0.0007370097338140287,-0.5925677550032498,0.28614004804412485,-0.22494907641710327,1
0.013750323584081429,-0.7377467435479239,-1.2229589837301111,0.36863919694394165,0.4524895198919315,0
0.6652185919391609,-0.7377467435479239,1.2986059311773346,0.5171376649636121,-1.0996998852433315,1
-0.13391581724307003,2.2102921917085157,0.6682147024504732,-0.5883509302939333,-0.09998467515621313,1
1.594646654792409,-0.7377467435479239,-0.5925677550032498,-0.02185677451519094,0.6629558799102714,1
-1.0546576365182505,-1.4747564773620339,0.03782347372361172,0.08264214742457655,0.8273827236746,1
